{
  "parent": "minecraft:block/block",
  "texture_size": [64, 64],
  "textures": {
    "0": "deeperdarker:block/ancient_vase",
    "particle": "deeperdarker:block/ancient_vase"
  },
  "elements": [
    {
      "from": [2, 1, 2],
      "to": [14, 13, 14],
      "faces": {
        "north": {"uv": [0, 0, 3, 3], "texture": "#0"},
        "east": {"uv": [3, 0, 6, 3], "texture": "#0"},
        "south": {"uv": [0, 3, 3, 6], "texture": "#0"},
        "west": {"uv": [3, 3, 6, 6], "texture": "#0"},
        "up": {"uv": [0, 6, 3, 9], "texture": "#0"},
        "down": {"uv": [6, 0, 9, 3], "texture": "#0"}
      }
    },
    {
      "from": [3, 0, 3],
      "to": [13, 1, 13],
      "faces": {
        "north": {"uv": [8.5, 3, 11, 3.25], "texture": "#0"},
        "east": {"uv": [8.5, 3.25, 11, 3.5], "texture": "#0"},
        "south": {"uv": [8.5, 3.5, 11, 3.75], "texture": "#0"},
        "west": {"uv": [8.5, 3.75, 11, 4], "texture": "#0"},
        "up": {"uv": [3, 6, 5.5, 8.5], "texture": "#0"},
        "down": {"uv": [6, 3, 8.5, 5.5], "texture": "#0"}
      }
    },
    {
      "from": [4, 13, 4],
      "to": [12, 16, 12],
      "faces": {
        "north": {"uv": [3, 8.5, 5, 9.25], "texture": "#0"},
        "east": {"uv": [5.5, 8, 7.5, 8.75], "texture": "#0"},
        "south": {"uv": [7.5, 7.5, 9.5, 8.25], "texture": "#0"},
        "west": {"uv": [7.5, 8.25, 9.5, 9], "texture": "#0"},
        "up": {"uv": [5.5, 6, 7.5, 8], "texture": "#0"},
        "down": {"uv": [7.5, 5.5, 9.5, 7.5], "texture": "#0"}
      }
    }
  ]
}