{
  "parent": "block/block",
  "textures": {
    "particle": "deeperdarker:block/gloomy_cactus_top",
    "bottom": "deeperdarker:block/gloomy_cactus_bottom",
    "top": "deeperdarker:block/gloomy_cactus_top",
    "side": "deeperdarker:block/gloomy_cactus_side"
  },
  "elements": [
    {
      "from": [0, 0, 0],
      "to": [16, 14, 16],
      "faces": {
        "up": {"uv": [0, 0, 16, 16], "texture": "#top", "cullface": "up"},
        "down": {"uv": [0, 0, 16, 16], "texture": "#bottom", "cullface": "down"}
      }
    },
    {
      "from": [0, 0, 1],
      "to": [16, 14, 15],
      "faces": {
        "north": {"uv": [0, 2, 16, 16], "texture": "#side"},
        "south": {"uv": [0, 2, 16, 16], "texture": "#side"}
      }
    },
    {
      "from": [1, 0, 0],
      "to": [15, 14, 16],
      "faces": {
        "east": {"uv": [0, 2, 16, 16], "texture": "#side"},
        "west": {"uv": [0, 2, 16, 16], "texture": "#side"}
      }
    }
  ]
}